{"area": {"mean": 13678.888671875, "std": 2655.9931640625}, "rg": {"mean": 18.046274185180664, "std": 1.2227438688278198}, "rdf": {"mean": 1.7954223155975342, "std": 0.13565948605537415}, "coor": {"mean": 4.070163249969482, "std": 0.3368445336818695}}