{
  "area": {
    "mean": 13731.4345703125,
    "std": 2786.4755859375
  },
  "rg": {
    "mean": 18.173952102661133,
    "std": 1.479782223701477
  },
  "rdf": {
    "mean": 1.796909213066101,
    "std": 0.20004121959209442
  }
}