{
  "area": {
    "mean": 13738.2509765625,
    "std": 2787.935546875
  },
  "rg": {
    "mean": 18.18168830871582,
    "std": 1.4885280132293701
  },
  "rdf": {
    "mean": 1.7933580875396729,
    "std": 0.21521718800067902
  }
}